,Country,Survey year,Age of reference,Paid work or study,paid work (all jobs),travel to and from work/study,time in school or classes,research/homework,job search,other paid work or study-related,Unpaid work,routine housework,shopping,care for household members,child care,adult care,care for non household members,volunteering,travel related to household activities,other unpaid,Personal care,sleeping,eating & drinking,"personal, household, and medical services + travel related to personal care",Leisure,sports,participating / attending events,visiting or entertaining friends,TV or radio at home,Other leisure activities,Other,religious / spiritual activities and civic obligations,other (no categories),Total,Household net adjusted disposable income,Employment rate,Quality of support network,Life expectancy,Self-reported health,Life satisfaction
0,Austria,2008/09,15-64,306,248,29,26,1,1,1,202,125,21,34,33,1,1,4,17,2,632,498,79,55,291,32,9,82,109,59,8,3,5,1440,37001,72,92,82.0,71,7.2
1,Canada,2015,15-64,305,238,29,21,15,2,..,186,115,24,29,28,1,4,3,10,..,637,520,65,52,279,21,6,53,109,89,34,4,30,1440,34421,70,93,82.1,89,7.0
2,Denmark,2001,15-64,225,177,23,16,9,..,..,217,128,26,28,..,..,10,3,22,..,659,489,119,52,329,22,7,81,123,95,10,6,4,1440,33774,74,95,81.5,70,7.5
3,Finland,2009/10,15-64,229,177,21,29,..,..,2,197,109,26,23,22,1,3,4,21,10,640,508,81,52,331,37,8,55,118,113,43,1,41,1440,33471,72,96,82.1,68,7.9
4,France,2009/10,15-64,204,145,23,24,10,2,0,181,129,22,22,21,1,2,..,6,1,752,513,133,107,294,12,15,55,114,98,9,3,6,1440,34375,65,94,82.9,67,6.7
5,Germany,2012/13,15-64,248,191,28,14,10,1,4,196,109,32,19,18,1,6,6,20,3,648,498,95,55,331,26,14,61,118,112,17,3,14,1440,38971,77,90,81.4,66,7.3
6,Ireland,2005,15-64,268,208,23,37,..,..,..,210,91,28,61,..,..,..,8,23,..,609,491,75,42,312,20,42,49,85,116,41,6,35,1440,29488,68,96,82.8,84,7.0
7,Japan,2016,15-64,363,282,43,37,0,..,..,132,80,25,..,19,4,0,4,(see notes),..,620,442,93,85,278,10,..,17,103,148,47,..,47,1440,28872,77,89,84.4,37,6.1
8,Korea,2014,15-64,344,231,57,37,20,..,..,132,76,13,28,..,..,1,1,13,..,678,471,117,90,258,27,4,42,102,82,28,9,18,1440,24590,66,80,83.3,34,5.8
9,Latvia,2003,15-64,330,280,37,10,4,..,..,196,130,16,15,15,..,11,0,24,..,641,512,89,40,269,25,5,35,123,81,4,2,2,1440,19783,72,92,75.5,47,6.2
10,Netherlands,2016,15-64,243,183,31,14,12,1,3,186,105,28,22,21,0,7,5,18,1,682,503,114,65,315,22,7,73,113,101,15,6,10,1440,34984,78,94,82.2,75,7.5
11,New Zealand,2009/10,15-64,270,218,23,18,11,..,..,204,110,24,30,30,..,8,5,28,..,648,526,80,42,301,17,6,69,124,85,17,9,9,1440,39024,77,95,82.1,86,7.3
12,Portugal,1999,15-64,295,234,25,27,9,0,0,223,161,15,17,0,0,7,2,20,0,676,506,112,58,241,12,11,44,114,60,6,5,1,1440,24877,69,87,81.8,50,5.8
13,Slovenia,2000/01,15-64,265,202,25,21,17,..,..,231,166,18,21,21,..,7,1,18,..,628,501,86,41,311,32,5,62,120,92,6,4,2,1440,25250,71,95,81.6,67,6.5
14,Spain,2009/10,15-64,202,151,21,18,8,3,1,217,116,25,35,32,3,6,1,22,12,692,516,126,51,316,42,9,51,129,85,13,4,9,1440,27155,62,93,83.9,75,6.5
15,Sweden,2010,15-64,293,231,31,31,..,..,..,196,107,23,33,25,7,..,..,26,7,622,483,83,57,321,34,9,53,113,112,6,..,..,1440,33730,75,94,83.2,76,7.3
